param_clf__max_depth,param_clf__n_estimators,mean_test_score,std_test_score,rank_test_score
,500,0.7815079316671453,0.031125048029399163,1
,300,0.7769565172088446,0.028276145094119454,2
,100,0.7725963831454865,0.03097803013118701,3
50,100,0.7280193891958598,0.030404530679268925,4
50,300,0.7279691198914919,0.03055341972628424,5
50,500,0.7256737681843756,0.0299678647537296,6
20,100,0.55902873747446,0.04908434363262384,7
20,500,0.5578202951497998,0.04497242731607079,8
20,300,0.5504301382746979,0.04229830389092077,9
