param_clf__C,param_clf__class_weight,mean_test_score,std_test_score,rank_test_score
100.0,balanced,0.8570938888080096,0.0077492777453993114,1
100.0,,0.8458845436807122,0.023635052449431062,2
10.0,balanced,0.8396762045821033,0.015325806294608094,3
10.0,,0.8194427213053949,0.023199245128180765,4
1.0,balanced,0.7171109760940209,0.020052804449329473,5
1.0,,0.7089083738883615,0.014479184013223113,6
0.1,balanced,0.4858778094075825,0.012467337053878294,7
0.1,,0.3839585638293949,0.04733278601291538,8
0.01,balanced,0.3633542071619968,0.019909091444979227,9
0.01,,0.08455663006989152,0.027548946316928044,10
